word,pair,env,vowel,tensity,type
sheep,sheep_ship,ʃ_p,i,tense,minimal
ship,sheep_ship,ʃ_p,ɪ,lax,minimal
meal,meal_mill,m_l,i,tense,minimal
mill,meal_mill,m_l,ɪ,lax,minimal
bean,bean_bin,b_n,i,tense,minimal
bin,bean_bin,b_n,ɪ,lax,minimal
cheek,cheek_chick,ʧ_k,i,tense,minimal
chick,cheek_chick,ʧ_k,ɪ,lax,minimal
fool,fool_full,f_l,u,tense,minimal
full,fool_full,f_l,ʊ,lax,minimal
pool,pool_pull,p_l,u,tense,minimal
pull,pool_pull,p_l,ʊ,lax,minimal
dock,dock_duck,d_k,ɑ,tense,minimal
duck,dock_duck,d_k,ʌ,lax,minimal
cop,cop_cup,k_p,ɑ,tense,minimal
cup,cop_cup,k_p,ʌ,lax,minimal
lock,lock_luck,l_k,ɑ,tense,minimal
luck,lock_luck,l_k,ʌ,lax,minimal
boss,boss_bus,b_s,ɑ,tense,minimal
bus,boss_bus,b_s,ʌ,lax,minimal
seed,,s_d,i,tense,nonminimal
leaf,,l_f,i,tense,nonminimal
cheese,,ʧ_z,i,tense,nonminimal
rib,,r_b,ɪ,lax,nonminimal
zip,,z_p,ɪ,lax,nonminimal
tip,,t_p,ɪ,lax,nonminimal
boot,,b_t,u,tense,nonminimal
soup,,s_p,u,tense,nonminimal
moon,,m_n,u,tense,nonminimal
hood,,h_d,ʊ,lax,nonminimal
bull,,b_l,ʊ,lax,nonminimal
wolf,,w_lf,ʊ,lax,nonminimal
pod,,p_d,ɑ,tense,nonminimal
dot,,d_t,ɑ,tense,nonminimal
tub,,t_b,ʌ,lax,nonminimal
pub,,p_b,ʌ,lax,nonminimal
pad,,p_d,æ,,filler
bat,,b_t,æ,,filler
rat,,r_t,æ,,filler
cab,,k_b,æ,,filler
jet,,ʤ_t,ɛ,,filler
net,,n_t,ɛ,,filler
chef,,ʃ_f,ɛ,,filler
leg,,l_g,ɛ,,filler
